-- Progettazione Web 
DROP DATABASE if exists ohmulator; 
CREATE DATABASE ohmulator; 
USE ohmulator; 
-- MySQL dump 10.13  Distrib 5.6.20, for Win32 (x86)
--
-- Host: localhost    Database: ohmulator
-- ------------------------------------------------------
-- Server version	5.6.20

/*!40101 SET @OLD_CHARACTER_SET_CLIENT=@@CHARACTER_SET_CLIENT */;
/*!40101 SET @OLD_CHARACTER_SET_RESULTS=@@CHARACTER_SET_RESULTS */;
/*!40101 SET @OLD_COLLATION_CONNECTION=@@COLLATION_CONNECTION */;
/*!40101 SET NAMES utf8 */;
/*!40103 SET @OLD_TIME_ZONE=@@TIME_ZONE */;
/*!40103 SET TIME_ZONE='+00:00' */;
/*!40014 SET @OLD_UNIQUE_CHECKS=@@UNIQUE_CHECKS, UNIQUE_CHECKS=0 */;
/*!40014 SET @OLD_FOREIGN_KEY_CHECKS=@@FOREIGN_KEY_CHECKS, FOREIGN_KEY_CHECKS=0 */;
/*!40101 SET @OLD_SQL_MODE=@@SQL_MODE, SQL_MODE='NO_AUTO_VALUE_ON_ZERO' */;
/*!40111 SET @OLD_SQL_NOTES=@@SQL_NOTES, SQL_NOTES=0 */;

--
-- Table structure for table `arc`
--

DROP TABLE IF EXISTS `arc`;
/*!40101 SET @saved_cs_client     = @@character_set_client */;
/*!40101 SET character_set_client = utf8 */;
CREATE TABLE `arc` (
  `ID` int(11) NOT NULL AUTO_INCREMENT,
  `GraphID` int(11) NOT NULL,
  `LocalID` int(11) NOT NULL,
  `Point1` int(11) NOT NULL,
  `Point2` int(11) NOT NULL,
  `X1` float(10,5) NOT NULL,
  `Y1` float(10,5) NOT NULL,
  `X2` float(10,5) NOT NULL,
  `Y2` float(10,5) NOT NULL,
  `Type` varchar(32) NOT NULL,
  `V_DC` float(22,11) NOT NULL,
  `V_AC_Re` float(22,11) NOT NULL,
  `V_AC_Im` float(22,11) NOT NULL,
  `Expression` varchar(128) NOT NULL,
  PRIMARY KEY (`ID`)
) ENGINE=InnoDB AUTO_INCREMENT=23 DEFAULT CHARSET=latin1;
/*!40101 SET character_set_client = @saved_cs_client */;

--
-- Dumping data for table `arc`
--

LOCK TABLES `arc` WRITE;
/*!40000 ALTER TABLE `arc` DISABLE KEYS */;
INSERT INTO `arc` VALUES (1,1,0,0,1,100.00000,250.00000,100.00000,100.00000,'voltage',20.00000000000,0.00000000000,0.00000000000,'20'),(2,1,1,1,2,100.00000,100.00000,250.00000,250.00000,'resistor',10.00000000000,10.00000000000,0.00000000000,'10'),(3,1,2,2,0,250.00000,250.00000,100.00000,250.00000,'wire',0.00000000000,0.00000000000,0.00000000000,'0'),(4,2,0,0,1,100.00000,250.00000,100.00000,100.00000,'voltage',0.00000000000,300.00000000000,0.00000000000,'300sin(50t)'),(5,2,1,1,2,100.00000,100.00000,250.00000,100.00000,'wire',0.00000000000,0.00000000000,0.00000000000,'0'),(6,2,2,2,3,250.00000,100.00000,400.00000,100.00000,'wire',0.00000000000,0.00000000000,0.00000000000,'0'),(7,2,3,2,5,250.00000,100.00000,250.00000,250.00000,'inductor',0.00000000000,0.00000000000,0.10000000149,'0.1'),(8,2,4,3,4,400.00000,100.00000,400.00000,250.00000,'capacitor',0.00000000000,0.00000000000,-1000.00000000000,'0.001'),(9,2,5,4,5,400.00000,250.00000,250.00000,250.00000,'wire',0.00000000000,0.00000000000,0.00000000000,'0'),(10,2,6,5,0,250.00000,250.00000,100.00000,250.00000,'wire',0.00000000000,0.00000000000,0.00000000000,'0'),(11,3,0,0,1,100.00000,300.00000,100.00000,100.00000,'voltage',10.00000000000,0.00000000000,0.00000000000,'10'),(12,3,1,1,2,100.00000,100.00000,250.00000,100.00000,'wire',0.00000000000,0.00000000000,0.00000000000,'0'),(13,3,2,2,3,250.00000,100.00000,250.00000,200.00000,'resistor',10.00000000000,10.00000000000,0.00000000000,'10'),(14,3,3,3,4,250.00000,200.00000,250.00000,300.00000,'resistor',30.00000000000,30.00000000000,0.00000000000,'30'),(15,3,4,4,0,250.00000,300.00000,100.00000,300.00000,'wire',0.00000000000,0.00000000000,0.00000000000,'0'),(16,4,0,0,1,100.00000,250.00000,100.00000,100.00000,'current',10.00000000000,10.00000000000,0.00000000000,'10'),(17,4,1,1,2,100.00000,100.00000,250.00000,100.00000,'wire',0.00000000000,0.00000000000,0.00000000000,'0'),(18,4,2,2,3,250.00000,100.00000,400.00000,100.00000,'wire',0.00000000000,0.00000000000,0.00000000000,'0'),(19,4,3,2,5,250.00000,100.00000,250.00000,250.00000,'resistor',30.00000000000,30.00000000000,0.00000000000,'30'),(20,4,4,3,4,400.00000,100.00000,400.00000,250.00000,'resistor',10.00000000000,10.00000000000,0.00000000000,'10'),(21,4,5,4,5,400.00000,250.00000,250.00000,250.00000,'wire',0.00000000000,0.00000000000,0.00000000000,'0'),(22,4,6,5,0,250.00000,250.00000,100.00000,250.00000,'wire',0.00000000000,0.00000000000,0.00000000000,'0');
/*!40000 ALTER TABLE `arc` ENABLE KEYS */;
UNLOCK TABLES;

--
-- Table structure for table `circuit`
--

DROP TABLE IF EXISTS `circuit`;
/*!40101 SET @saved_cs_client     = @@character_set_client */;
/*!40101 SET character_set_client = utf8 */;
CREATE TABLE `circuit` (
  `GraphID` int(11) NOT NULL AUTO_INCREMENT,
  `Name` varchar(32) NOT NULL,
  `Omega` float(22,11) DEFAULT NULL,
  PRIMARY KEY (`GraphID`)
) ENGINE=InnoDB AUTO_INCREMENT=5 DEFAULT CHARSET=latin1;
/*!40101 SET character_set_client = @saved_cs_client */;

--
-- Dumping data for table `circuit`
--

LOCK TABLES `circuit` WRITE;
/*!40000 ALTER TABLE `circuit` DISABLE KEYS */;
INSERT INTO `circuit` VALUES (1,'example1',NULL),(2,'example2',50.00000000000),(3,'example3',NULL),(4,'example4',NULL);
/*!40000 ALTER TABLE `circuit` ENABLE KEYS */;
UNLOCK TABLES;

--
-- Table structure for table `nodes`
--

DROP TABLE IF EXISTS `nodes`;
/*!40101 SET @saved_cs_client     = @@character_set_client */;
/*!40101 SET character_set_client = utf8 */;
CREATE TABLE `nodes` (
  `ID` int(11) NOT NULL AUTO_INCREMENT,
  `GraphID` int(11) NOT NULL,
  `LocalID` int(11) NOT NULL,
  `X` int(11) NOT NULL,
  `Y` int(11) NOT NULL,
  PRIMARY KEY (`ID`)
) ENGINE=InnoDB AUTO_INCREMENT=21 DEFAULT CHARSET=latin1;
/*!40101 SET character_set_client = @saved_cs_client */;

--
-- Dumping data for table `nodes`
--

LOCK TABLES `nodes` WRITE;
/*!40000 ALTER TABLE `nodes` DISABLE KEYS */;
INSERT INTO `nodes` VALUES (1,1,0,100,250),(2,1,1,100,100),(3,1,2,250,250),(4,2,0,100,250),(5,2,1,100,100),(6,2,2,250,100),(7,2,3,400,100),(8,2,4,400,250),(9,2,5,250,250),(10,3,0,100,300),(11,3,1,100,100),(12,3,2,250,100),(13,3,3,250,200),(14,3,4,250,300),(15,4,0,100,250),(16,4,1,100,100),(17,4,2,250,100),(18,4,3,400,100),(19,4,4,400,250),(20,4,5,250,250);
/*!40000 ALTER TABLE `nodes` ENABLE KEYS */;
UNLOCK TABLES;
/*!40103 SET TIME_ZONE=@OLD_TIME_ZONE */;

/*!40101 SET SQL_MODE=@OLD_SQL_MODE */;
/*!40014 SET FOREIGN_KEY_CHECKS=@OLD_FOREIGN_KEY_CHECKS */;
/*!40014 SET UNIQUE_CHECKS=@OLD_UNIQUE_CHECKS */;
/*!40101 SET CHARACTER_SET_CLIENT=@OLD_CHARACTER_SET_CLIENT */;
/*!40101 SET CHARACTER_SET_RESULTS=@OLD_CHARACTER_SET_RESULTS */;
/*!40101 SET COLLATION_CONNECTION=@OLD_COLLATION_CONNECTION */;
/*!40111 SET SQL_NOTES=@OLD_SQL_NOTES */;

-- Dump completed on 2017-06-03 12:05:45
